Case ID	Project	Files	Seq	Exp	SNV	CNV	Meth	Clinical	Bio	# Mutations	# Genes	Program
TCGA-AC-A3QQ	TCGA-BRCA	87	8	6	34	6	3	10	16	1	1	TCGA
TCGA-LL-A6FP	TCGA-BRCA	65	6	4	17	6	3	10	14	1	1	TCGA
TCGA-AC-A3OD	TCGA-BRCA	94	8	6	34	10	6	10	16	1	1	TCGA
TCGA-Z7-A8R5	TCGA-BRCA	66	6	4	17	6	3	11	14	1	1	TCGA
TCGA-EW-A6SC	TCGA-BRCA	65	6	4	17	6	3	10	14	1	1	TCGA
TCGA-AR-A24X	TCGA-BRCA	65	6	4	17	6	3	10	14	1	1	TCGA
TCGA-LD-A66U	TCGA-BRCA	64	6	4	17	6	3	10	14	1	1	TCGA
TCGA-AC-A3W7	TCGA-BRCA	65	6	4	17	6	3	10	14	1	1	TCGA
TCGA-BH-A2L8	TCGA-BRCA	65	6	4	17	6	3	10	14	1	1	TCGA
TCGA-E2-A2P5	TCGA-BRCA	66	6	4	17	6	3	11	14	1	1	TCGA
TCGA-A8-A07B	TCGA-BRCA	65	6	4	17	6	3	10	15	1	1	TCGA
TCGA-B6-A0IH	TCGA-BRCA	65	6	4	17	6	3	10	15	1	1	TCGA
TCGA-GM-A5PX	TCGA-BRCA	64	6	4	17	6	3	10	13	1	1	TCGA
TCGA-A8-A09Z	TCGA-BRCA	66	6	4	17	6	3	10	15	1	1	TCGA
TCGA-A2-A0CR	TCGA-BRCA	66	6	4	17	6	3	10	15	1	1	TCGA
TCGA-OL-A5DA	TCGA-BRCA	63	6	4	17	4	3	10	14	1	1	TCGA
TCGA-C8-A274	TCGA-BRCA	63	6	4	17	4	3	10	14	1	1	TCGA
TCGA-E2-A1L8	TCGA-BRCA	66	6	4	17	6	3	11	14	1	1	TCGA
TCGA-A2-A0YL	TCGA-BRCA	67	7	4	17	6	3	10	15	1	1	TCGA
TCGA-GM-A5PV	TCGA-BRCA	64	6	4	17	6	3	10	13	1	1	TCGA
TCGA-EW-A1J5	TCGA-BRCA	66	6	4	17	6	3	11	14	1	1	TCGA
TCGA-PE-A5DC	TCGA-BRCA	65	6	4	17	6	3	10	14	1	1	TCGA
TCGA-AR-A5QM	TCGA-BRCA	66	6	4	17	6	3	11	14	1	1	TCGA
TCGA-AC-A2FB	TCGA-BRCA	81	10	8	17	6	6	10	15	1	1	TCGA
TCGA-D8-A1XO	TCGA-BRCA	65	6	4	17	6	3	10	14	1	1	TCGA
TCGA-AR-A1AT	TCGA-BRCA	61	6	4	17	2	3	10	14	1	1	TCGA
TCGA-A7-A5ZX	TCGA-BRCA	70	7	4	17	8	3	11	16	1	1	TCGA
TCGA-AR-A2LE	TCGA-BRCA	65	6	4	17	6	3	10	14	1	1	TCGA
TCGA-GM-A2DD	TCGA-BRCA	66	6	4	17	6	3	11	14	1	1	TCGA
TCGA-A2-A0T6	TCGA-BRCA	67	7	4	17	6	3	10	15	1	1	TCGA
TCGA-E9-A2JT	TCGA-BRCA	65	6	4	17	6	3	10	14	1	1	TCGA
TCGA-EW-A1IZ	TCGA-BRCA	65	6	4	17	6	3	10	14	1	1	TCGA
TCGA-WT-AB44	TCGA-BRCA	64	6	4	17	6	3	10	14	1	1	TCGA
TCGA-A8-A0A2	TCGA-BRCA	65	6	4	17	6	3	10	15	1	1	TCGA
TCGA-D8-A27I	TCGA-BRCA	65	6	4	17	6	3	10	14	1	1	TCGA
TCGA-EW-A1J2	TCGA-BRCA	65	6	4	17	6	3	10	14	1	1	TCGA
TCGA-AC-A23G	TCGA-BRCA	65	6	4	17	6	3	10	15	1	1	TCGA
TCGA-A2-A0T4	TCGA-BRCA	68	8	4	17	6	3	10	15	1	1	TCGA
TCGA-XX-A89A	TCGA-BRCA	64	6	4	17	6	3	10	14	1	1	TCGA
TCGA-BH-A0C1	TCGA-BRCA	67	7	4	17	6	3	10	15	1	1	TCGA
TCGA-BH-A8G0	TCGA-BRCA	64	6	4	17	6	3	10	13	1	1	TCGA
TCGA-GI-A2C8	TCGA-BRCA	78	10	8	17	6	3	10	15	1	1	TCGA
TCGA-AC-A5XS	TCGA-BRCA	70	7	4	17	8	3	11	15	1	1	TCGA
TCGA-AO-A0JJ	TCGA-BRCA	66	6	4	17	6	3	10	15	1	1	TCGA
TCGA-AR-A2LM	TCGA-BRCA	65	6	4	17	6	3	10	14	1	1	TCGA
TCGA-A2-A1FV	TCGA-BRCA	65	6	4	17	6	3	10	14	1	1	TCGA
TCGA-5L-AAT1	TCGA-BRCA	66	6	4	17	6	3	11	14	1	1	TCGA
TCGA-OK-A5Q2	TCGA-BRCA	67	6	4	17	6	3	10	17	1	1	TCGA
TCGA-A8-A09X	TCGA-BRCA	66	6	4	17	6	3	10	15	1	1	TCGA
TCGA-A2-A0EX	TCGA-BRCA	67	7	4	17	6	3	10	15	1	1	TCGA
TCGA-A2-A0EW	TCGA-BRCA	67	7	4	17	6	3	10	15	1	1	TCGA
TCGA-AR-A2LL	TCGA-BRCA	66	6	4	17	6	3	11	14	1	1	TCGA
TCGA-A7-A4SC	TCGA-BRCA	72	7	4	17	6	3	10	19	1	1	TCGA
TCGA-OL-A66K	TCGA-BRCA	65	6	4	17	6	3	10	14	1	1	TCGA
TCGA-A1-A0SE	TCGA-BRCA	65	6	4	17	6	3	10	15	1	1	TCGA
TCGA-AC-A8OS	TCGA-BRCA	64	6	4	17	6	3	10	14	1	1	TCGA
TCGA-BH-A18F	TCGA-BRCA	70	6	4	17	6	6	10	16	1	1	TCGA
TCGA-BH-A209	TCGA-BRCA	81	10	8	17	6	6	10	15	1	1	TCGA
TCGA-BH-A18P	TCGA-BRCA	81	10	8	17	2	6	10	18	1	1	TCGA
TCGA-AR-A24H	TCGA-BRCA	64	6	4	17	6	3	10	14	1	1	TCGA
TCGA-A8-A07F	TCGA-BRCA	66	6	4	17	6	3	10	15	1	1	TCGA
TCGA-A8-A0A1	TCGA-BRCA	65	6	4	17	6	3	10	15	1	1	TCGA
TCGA-A8-A091	TCGA-BRCA	67	6	4	17	6	3	11	15	1	1	TCGA
TCGA-A2-A1G0	TCGA-BRCA	65	6	4	17	6	3	10	14	1	1	TCGA
TCGA-AC-A4ZE	TCGA-BRCA	65	6	4	17	6	3	10	14	1	1	TCGA
TCGA-A8-A0A4	TCGA-BRCA	66	6	4	17	6	3	10	15	1	1	TCGA
TCGA-E2-A1IH	TCGA-BRCA	64	6	4	17	6	3	10	14	2	1	TCGA
TCGA-E2-A1IJ	TCGA-BRCA	64	6	4	17	6	3	10	14	1	1	TCGA
TCGA-B6-A40C	TCGA-BRCA	63	6	4	17	6	3	10	13	1	1	TCGA
TCGA-A8-A09W	TCGA-BRCA	63	5	2	17	6	3	10	15	1	1	TCGA
TCGA-BH-AB28	TCGA-BRCA	69	7	4	17	8	3	10	16	1	1	TCGA
TCGA-D8-A3Z6	TCGA-BRCA	66	6	4	17	6	3	10	16	1	1	TCGA
TCGA-OL-A6VQ	TCGA-BRCA	65	6	4	17	6	3	10	14	2	1	TCGA
TCGA-D8-A1Y1	TCGA-BRCA	64	6	4	17	4	3	10	15	1	1	TCGA
TCGA-AR-A24T	TCGA-BRCA	63	6	4	17	4	3	10	14	1	1	TCGA
TCGA-BH-A0BA	TCGA-BRCA	84	11	6	17	8	6	10	17	1	1	TCGA
TCGA-C8-A1HO	TCGA-BRCA	65	6	4	17	6	3	10	14	1	1	TCGA
TCGA-LD-A7W6	TCGA-BRCA	65	6	4	17	6	3	10	14	1	1	TCGA
TCGA-E9-A5FK	TCGA-BRCA	65	6	4	17	6	3	10	14	1	1	TCGA
TCGA-PE-A5DE	TCGA-BRCA	65	6	4	17	6	3	10	14	1	1	TCGA
TCGA-D8-A27V	TCGA-BRCA	66	6	4	17	6	3	10	15	2	1	TCGA
TCGA-AO-A128	TCGA-BRCA	66	6	4	17	6	3	10	15	1	1	TCGA
TCGA-AC-A6IX	TCGA-BRCA	103	11	8	34	10	6	10	15	1	1	TCGA
TCGA-D8-A27G	TCGA-BRCA	65	6	4	17	6	3	10	14	1	1	TCGA
TCGA-A2-A4S2	TCGA-BRCA	65	6	4	17	6	3	10	14	1	1	TCGA
TCGA-B6-A2IU	TCGA-BRCA	65	6	4	17	6	3	10	14	1	1	TCGA
TCGA-AC-A3YI	TCGA-BRCA	64	6	4	17	6	3	10	14	1	1	TCGA
TCGA-BH-A28Q	TCGA-BRCA	65	6	4	17	6	3	10	14	1	1	TCGA
TCGA-BH-A0HP	TCGA-BRCA	67	7	4	17	6	3	10	15	1	1	TCGA
TCGA-AC-A6IV	TCGA-BRCA	64	6	4	17	6	3	10	14	1	1	TCGA
TCGA-A8-A0A9	TCGA-BRCA	65	6	4	17	6	3	10	15	1	1	TCGA
TCGA-A8-A0A7	TCGA-BRCA	66	6	4	17	6	3	10	15	1	1	TCGA
TCGA-A2-A25A	TCGA-BRCA	66	6	4	17	6	3	11	14	1	1	TCGA
TCGA-LL-A73Z	TCGA-BRCA	65	6	4	17	6	3	10	14	1	1	TCGA
TCGA-A8-A0AB	TCGA-BRCA	65	6	4	17	6	3	10	15	1	1	TCGA
TCGA-W8-A86G	TCGA-BRCA	66	6	4	17	6	3	11	14	1	1	TCGA
TCGA-AR-A1AL	TCGA-BRCA	65	6	4	17	6	3	10	14	1	1	TCGA
TCGA-A8-A0A6	TCGA-BRCA	64	6	4	17	6	3	10	14	1	1	TCGA
TCGA-AN-A03Y	TCGA-BRCA	65	6	4	17	6	3	10	15	1	1	TCGA
TCGA-D8-A27T	TCGA-BRCA	66	6	4	17	6	3	10	15	1	1	TCGA
TCGA-D8-A1X8	TCGA-BRCA	65	6	4	17	6	3	10	14	1	1	TCGA
TCGA-AO-A0J9	TCGA-BRCA	66	6	4	17	6	3	10	15	1	1	TCGA
TCGA-AR-A2LN	TCGA-BRCA	65	6	4	17	6	3	10	14	1	1	TCGA
TCGA-E2-A576	TCGA-BRCA	64	6	4	17	6	3	10	14	1	1	TCGA
TCGA-PE-A5DD	TCGA-BRCA	65	6	4	17	6	3	10	14	1	1	TCGA
TCGA-GM-A2DO	TCGA-BRCA	66	6	4	17	6	3	11	14	1	1	TCGA
TCGA-AR-A2LK	TCGA-BRCA	65	6	4	17	6	3	10	14	1	1	TCGA
TCGA-OL-A5RV	TCGA-BRCA	65	6	4	17	6	3	10	14	1	1	TCGA
TCGA-A2-A0SY	TCGA-BRCA	65	6	4	17	6	3	10	15	1	1	TCGA
TCGA-BH-A0E9	TCGA-BRCA	66	6	4	17	6	3	10	15	1	1	TCGA
TCGA-AC-A2FO	TCGA-BRCA	65	6	4	17	6	3	10	15	1	1	TCGA
TCGA-A2-A0YD	TCGA-BRCA	67	7	4	17	6	3	10	15	1	1	TCGA
TCGA-B6-A0RQ	TCGA-BRCA	66	6	4	17	6	3	10	15	1	1	TCGA
TCGA-E9-A6HE	TCGA-BRCA	65	6	4	17	6	3	10	14	1	1	TCGA
TCGA-LD-A74U	TCGA-BRCA	66	6	4	17	6	3	11	14	1	1	TCGA
TCGA-4H-AAAK	TCGA-BRCA	66	7	4	17	6	3	10	14	1	1	TCGA
TCGA-XX-A899	TCGA-BRCA	73	7	4	17	8	3	10	18	1	1	TCGA
TCGA-AC-A2FG	TCGA-BRCA	70	6	4	17	6	6	10	16	1	1	TCGA
TCGA-LL-A50Y	TCGA-BRCA	66	6	4	17	6	3	11	14	1	1	TCGA
TCGA-AC-A2B8	TCGA-BRCA	65	6	4	17	6	3	10	14	1	1	TCGA
TCGA-S3-A6ZG	TCGA-BRCA	65	6	4	17	6	3	10	14	1	1	TCGA
TCGA-BH-A8FY	TCGA-BRCA	65	6	4	17	6	3	11	13	1	1	TCGA
TCGA-5L-AAT0	TCGA-BRCA	65	6	4	17	6	3	11	14	1	1	TCGA
TCGA-A2-A0YK	TCGA-BRCA	67	7	4	17	6	3	10	15	1	1	TCGA
TCGA-AC-A2FF	TCGA-BRCA	78	9	6	17	6	6	10	15	1	1	TCGA
TCGA-A8-A09T	TCGA-BRCA	65	6	4	17	6	3	10	15	1	1	TCGA
TCGA-E9-A3X8	TCGA-BRCA	65	6	4	17	6	3	10	14	1	1	TCGA
TCGA-OL-A66N	TCGA-BRCA	65	6	4	17	6	3	10	14	1	1	TCGA
TCGA-AO-A0J8	TCGA-BRCA	67	7	4	17	6	3	10	15	1	1	TCGA
TCGA-BH-A0C0	TCGA-BRCA	86	11	8	17	8	6	10	17	1	1	TCGA
TCGA-LL-A9Q3	TCGA-BRCA	65	6	4	17	6	3	10	14	1	1	TCGA