Case ID	Project	Primary Site	Gender	Files	Seq	Exp	SNV	CNV	Meth	Clinical	Bio	# Mutations	# Genes	Slides
TCGA-CM-5861	TCGA-COAD	Colon	Female	72	7	4	16	11	3	9	17	1	1	3
TCGA-DA-A3F3	TCGA-SKCM	Skin	Male	69	8	4	16	11	3	8	14	1	1	2
TCGA-EO-A3AV	TCGA-UCEC	Corpus uteri	Female	74	8	4	16	11	3	11	16	1	1	2
TCGA-96-A4JK	TCGA-LUSC	Bronchus and lung	Male	70	8	4	16	11	3	9	14	1	1	2
11LU016	CPTAC-3	Bronchus and lung	Male	39	8	4	16	2	3	0	0	1	1	0
TARGET-10-PARPGJ	TARGET-ALL-P2	Hematopoietic and reticuloendothelial systems	Male	20	2	0	14	0	0	3	1	1	1	0
TCGA-G2-AA3B	TCGA-BLCA	Bladder	Female	77	10	4	16	11	3	10	18	1	1	6
MMRF_2159	MMRF-COMMPASS	Hematopoietic and reticuloendothelial systems	Female	18	4	0	14	0	0	0	0	1	1	0
TCGA-AG-A02G	TCGA-READ	Rectum	Male	66	6	4	16	9	3	9	18	1	1	4
C3N-01715	CPTAC-3	Pancreas	Female	61	10	4	32	4	3	0	0	1	1	0
05CO039	CPTAC-2	Colon	Male	28	6	4	14	0	0	0	0	1	1	0
TCGA-IB-7651	TCGA-PAAD	Pancreas	Female	77	8	4	18	11	3	9	17	3	1	3
C3N-03415	CPTAC-3	Uterus, NOS	Female	48	11	6	16	2	3	0	0	3	1	0
TCGA-FJ-A3Z7	TCGA-BLCA	Bladder	Male	77	10	4	16	9	3	11	19	1	1	7
TCGA-L9-A7SV	TCGA-LUAD	Bronchus and lung	Male	74	7	4	16	11	3	8	20	1	1	2
TCGA-EE-A3J5	TCGA-SKCM	Skin	Male	68	8	4	16	11	3	8	14	2	1	2
TCGA-D7-6528	TCGA-STAD	Stomach	Female	77	12	4	16	11	3	8	18	1	1	4
MP2PRT-PAVSIT	MP2PRT-ALL	Hematopoietic and reticuloendothelial systems	Female	36	7	2	16	2	0	3	0	1	1	0
05CO047	CPTAC-2	Colon	Male	28	6	4	14	0	0	0	0	1	1	0
TCGA-D7-A6EZ	TCGA-STAD	Stomach	Male	80	11	4	18	13	3	8	16	1	1	2
MP2PRT-PATFHS	MP2PRT-ALL	Hematopoietic and reticuloendothelial systems	Male	36	7	2	16	2	0	3	0	1	1	0
TCGA-KK-A59V	TCGA-PRAD	Prostate gland	Male	68	6	4	16	11	3	8	15	1	1	3
TCGA-CN-5364	TCGA-HNSC	Floor of mouth	Male	74	10	4	16	9	3	10	17	1	1	3
C3L-02365	CPTAC-3	Bronchus and lung	Female	57	15	8	16	2	6	0	0	1	1	0
TCGA-ND-A4WC	TCGA-UCS	Uterus, NOS	Female	75	8	4	16	11	3	10	18	1	1	4
HCM-BROD-0098-C15	HCMI-CMDC	Esophagus	Male	57	9	2	32	4	0	1	1	1	1	0
TCGA-KB-A93J	TCGA-STAD	Stomach	Male	70	8	4	16	11	3	8	16	1	1	2
TCGA-BR-6458	TCGA-STAD	Stomach	Female	92	15	8	17	14	3	8	18	1	1	4
TCGA-DF-A2KN	TCGA-UCEC	Corpus uteri	Female	74	8	4	16	11	3	11	16	1	1	2
TCGA-EO-A1Y7	TCGA-UCEC	Corpus uteri	Female	72	6	4	16	11	3	11	16	1	1	2
MMRF_2166	MMRF-COMMPASS	Hematopoietic and reticuloendothelial systems	Male	16	2	0	14	0	0	0	0	1	1	0
18BR006	CPTAC-2	Breast	Female	28	6	4	14	0	0	0	0	1	1	0
TCGA-D5-6531	TCGA-COAD	Colon	Male	72	7	4	16	11	3	9	17	1	1	3
TCGA-CN-6997	TCGA-HNSC	Larynx	Male	75	8	4	16	11	3	11	17	1	1	3
MMRF_2796	MMRF-COMMPASS	Hematopoietic and reticuloendothelial systems	Female	16	2	0	14	0	0	0	0	1	1	0
TCGA-AY-4070	TCGA-COAD	Colon	Female	66	6	4	16	11	3	9	17	1	1	3
TCGA-XF-A9T4	TCGA-BLCA	Bladder	Male	73	10	4	16	11	3	10	14	1	1	2
MMRF_1646	MMRF-COMMPASS	Hematopoietic and reticuloendothelial systems	Male	18	4	0	14	0	0	0	0	1	1	0
TCGA-55-8506	TCGA-LUAD	Bronchus and lung	Female	75	7	4	16	11	3	8	21	1	1	3
MBCProject_0076	CMI-MBC	Breast	Female	25	5	2	14	0	0	0	0	1	1	0
TCGA-YC-A89H	TCGA-BLCA	Bladder	Female	73	10	4	16	11	3	10	14	1	1	2
HCM-BROD-0227-C43	HCMI-CMDC	Skin	Male	38	7	2	16	2	3	1	1	1	1	0
TCGA-F7-A624	TCGA-HNSC	Other and unspecified parts of mouth	Male	79	9	4	18	13	3	10	16	2	1	2
TCGA-VS-A8EI	TCGA-CESC	Cervix uteri	Female	72	8	4	16	11	3	10	16	1	1	2
TCGA-DA-A1HV	TCGA-SKCM	Skin	Female	69	8	4	16	11	3	8	14	1	1	2
TCGA-73-4675	TCGA-LUAD	Bronchus and lung	Male	81	8	4	16	11	6	8	23	1	1	5
TCGA-AC-A6IW	TCGA-BRCA	Breast	Female	72	8	4	16	11	3	11	14	1	1	2
TCGA-5P-A9K2	TCGA-KIRP	Kidney	Male	68	8	4	16	11	3	8	14	1	1	2
TCGA-CV-A6JM	TCGA-HNSC	Other and ill-defined sites in lip, oral cavity and pharynx	Male	72	8	4	16	11	3	10	16	1	1	2
TCGA-F5-6814	TCGA-READ	Rectum	Male	72	8	4	16	11	3	9	17	3	1	3
TCGA-E7-A4IJ	TCGA-BLCA	Bladder	Male	72	10	4	16	11	3	10	14	1	1	2
TCGA-DR-A0ZM	TCGA-CESC	Cervix uteri	Female	73	8	4	16	11	3	10	17	1	1	3
TCGA-A5-A2K5	TCGA-UCEC	Corpus uteri	Female	74	8	4	16	11	3	11	16	1	1	2
TCGA-AX-A06H	TCGA-UCEC	Corpus uteri	Female	67	6	4	16	11	3	11	16	1	1	2
TCGA-DX-AB2E	TCGA-SARC	Connective, subcutaneous and other soft tissues	Male	72	6	4	16	11	3	9	18	1	1	6
TCGA-JY-A6FD	TCGA-ESCA	Esophagus	Female	72	8	4	16	11	3	9	16	1	1	2
TCGA-G4-6628	TCGA-COAD	Colon	Male	72	6	4	16	11	3	10	17	2	1	3
HCM-BROD-0702-C43	HCMI-CMDC	Skin	Male	38	7	2	16	2	3	1	1	1	1	0
TCGA-DK-A6B0	TCGA-BLCA	Bladder	Male	74	10	4	16	11	3	11	14	1	1	2
TCGA-DH-A7UT	TCGA-LGG	Brain	Male	68	8	4	16	11	3	8	14	1	1	2
TCGA-C4-A0EZ	TCGA-BLCA	Bladder	Female	73	8	4	16	11	3	11	15	1	1	3
TCGA-AX-A0J1	TCGA-UCEC	Corpus uteri	Female	73	10	4	16	11	3	11	17	1	1	3
TCGA-VQ-AA6K	TCGA-STAD	Stomach	Male	73	10	4	16	11	3	8	16	1	1	2
C3N-04382	CPTAC-3	Bronchus and lung	Female	55	13	8	16	2	6	0	0	1	1	0
TCGA-ZF-A9RD	TCGA-BLCA	Bladder	Female	73	10	4	16	11	3	10	14	1	1	2
TARGET-10-PANTRY	TARGET-ALL-P2	Hematopoietic and reticuloendothelial systems	Male	20	2	0	14	0	0	3	1	1	1	0
TCGA-GV-A6ZA	TCGA-BLCA	Bladder	Male	74	10	4	16	11	3	11	14	1	1	2
HCM-SANG-0282-C18	HCMI-CMDC	Colon	Female	62	13	4	20	6	3	1	1	1	1	0
TCGA-E6-A2P9	TCGA-UCEC	Corpus uteri	Female	73	8	4	16	11	3	11	15	1	1	1
TCGA-DX-A8BP	TCGA-SARC	Connective, subcutaneous and other soft tissues	Male	73	8	4	16	11	3	10	16	1	1	4
TCGA-DU-6392	TCGA-LGG	Brain	Female	72	10	4	16	11	3	8	15	2	1	3
TCGA-66-2763	TCGA-LUSC	Bronchus and lung	Female	85	8	4	30	11	3	8	17	1	1	5
TCGA-AP-A0LM	TCGA-UCEC	Corpus uteri	Female	69	6	4	16	11	3	11	17	1	1	3
TCGA-55-8511	TCGA-LUAD	Bronchus and lung	Female	75	7	4	16	11	3	9	21	1	1	3
TCGA-IR-A3LA	TCGA-CESC	Cervix uteri	Female	72	7	4	16	11	3	10	16	1	1	2
TCGA-BT-A20J	TCGA-BLCA	Bladder	Male	74	7	4	16	11	6	10	15	2	1	3
C3N-02274	CPTAC-3	Uterus, NOS	Female	48	11	6	16	2	3	0	0	1	1	0
TCGA-38-4625	TCGA-LUAD	Bronchus and lung	Female	95	9	6	18	19	3	8	23	2	1	5
TCGA-QS-A5YQ	TCGA-UCEC	Corpus uteri	Female	74	8	4	16	11	3	11	16	1	1	2
TCGA-BH-A18G	TCGA-BRCA	Breast	Female	72	8	4	16	11	3	11	14	2	1	2
05CO006	CPTAC-2	Colon	Female	28	6	4	14	0	0	0	0	1	1	0
TCGA-A5-A0GH	TCGA-UCEC	Corpus uteri	Female	69	6	4	16	11	3	11	17	1	1	3
TCGA-B5-A11E	TCGA-UCEC	Corpus uteri	Female	69	6	4	16	11	3	11	17	1	1	3
TCGA-FD-A3N5	TCGA-BLCA	Bladder	Male	75	12	4	16	11	3	10	14	1	1	2
HCM-BROD-0223-C43	HCMI-CMDC	Skin	Male	72	12	4	32	4	6	1	1	2	1	0
HCM-CSHL-0426-C18	HCMI-CMDC	Colon	Male	56	8	2	30	2	6	1	1	2	1	0
TCGA-OL-A97C	TCGA-BRCA	Breast	Female	71	8	4	16	11	3	11	14	1	1	2
TCGA-86-8073	TCGA-LUAD	Bronchus and lung	Male	76	8	4	16	11	3	8	21	1	1	3
11CO007	CPTAC-2	Colon	Female	28	6	4	14	0	0	0	0	1	1	0
MMRF_1796	MMRF-COMMPASS	Hematopoietic and reticuloendothelial systems	Female	27	7	2	14	0	0	0	0	2	1	0
TCGA-19-5956	TCGA-GBM	Brain	Female	59	4	0	16	11	3	9	15	3	1	3
TCGA-D8-A27H	TCGA-BRCA	Breast	Female	74	10	4	16	11	3	11	14	1	1	2
TCGA-BR-4368	TCGA-STAD	Stomach	Female	79	10	4	16	11	6	8	19	1	1	5
TCGA-BR-7197	TCGA-STAD	Stomach	Male	78	9	4	17	14	3	8	18	1	1	4
TCGA-CV-7255	TCGA-HNSC	Other and unspecified parts of tongue	Female	95	13	8	17	14	6	10	18	1	1	4
TCGA-AP-A056	TCGA-UCEC	Corpus uteri	Female	66	5	2	16	11	3	11	17	2	1	3
TCGA-E8-A437	TCGA-THCA	Thyroid gland	Female	64	8	4	15	4	3	11	14	1	1	2
MMRF_1451	MMRF-COMMPASS	Hematopoietic and reticuloendothelial systems	Male	27	7	2	14	0	0	0	0	1	1	0
TCGA-VQ-A91D	TCGA-STAD	Stomach	Male	73	10	4	16	11	3	8	16	1	1	2
TCGA-AA-3950	TCGA-COAD	Colon	Female	68	6	4	16	11	3	10	17	1	1	3